{"cameraMode":{"drawMode":0,"name":"Shaded","section":"Shading Mode"},"sceneLighting":true,"audioPlay":false,"sceneViewState":{"showFog":false,"showMaterialUpdate":false,"showSkybox":false,"showFlares":false,"showImageEffects":false,"showParticleSystems":true},"in2DMode":false,"pivot":{"x":624.9168701171875,"y":246.9998779296875,"z":853.35107421875},"rotation":{"x":-0.10953172296285629,"y":-0.03220163285732269,"z":0.0035428551491349937,"w":-0.9934552311897278},"size":1953.8316650390625,"orthographic":false}