{"cameraMode":{"drawMode":0,"name":"Shaded","section":"Shading Mode"},"sceneLighting":true,"audioPlay":false,"sceneViewState":{"showFog":true,"showMaterialUpdate":false,"showSkybox":true,"showFlares":true,"showImageEffects":true,"showParticleSystems":true},"in2DMode":false,"pivot":{"x":52.5587043762207,"y":-28.737262725830079,"z":49.725502014160159},"rotation":{"x":-0.181605726480484,"y":-0.38625070452690127,"z":0.07785418629646301,"w":-0.9009820222854614},"size":90.65770721435547,"orthographic":false}