{"cameraMode":{"drawMode":0,"name":"Shaded","section":"Shading Mode"},"sceneLighting":true,"audioPlay":false,"sceneViewState":{"showFog":true,"showMaterialUpdate":false,"showSkybox":true,"showFlares":true,"showImageEffects":true,"showParticleSystems":true},"in2DMode":false,"pivot":{"x":37.54875183105469,"y":-33.68576431274414,"z":58.59294509887695},"rotation":{"x":-0.21841032803058625,"y":-0.26399561762809756,"z":0.06150620058178902,"w":-0.9374541640281677},"size":90.65770721435547,"orthographic":false}