{"cameraMode":{"drawMode":0,"name":"Shaded","section":"Shading Mode"},"sceneLighting":true,"audioPlay":false,"sceneViewState":{"showFog":true,"showMaterialUpdate":false,"showSkybox":true,"showFlares":true,"showImageEffects":true,"showParticleSystems":true},"in2DMode":false,"pivot":{"x":0.008658409118652344,"y":0.23402905464172364,"z":-0.0874941349029541},"rotation":{"x":0.007969356141984463,"y":0.3986835479736328,"z":0.0034645593259483577,"w":-0.9170474410057068},"size":38.06146240234375,"orthographic":false}